{
  "id": "dc8755d8-5baf-422c-b5dc-6f756c28c980",
  "name": "actions",
  "isOverridable": true,
  "entries": [
    {
      "value": "open",
      "synonyms": [
        "open",
        "unlock"
      ]
    },
    {
      "value": "take",
      "synonyms": [
        "take",
        "grab",
        "pick up",
        "carry",
        "keep",
        "catch",
        "steal",
        "capture",
        "get",
        "tote"
      ]
    },
    {
      "value": "insert",
      "synonyms": [
        "put",
        "insert",
        "shove",
        "store"
      ]
    },
    {
      "value": "drop",
      "synonyms": [
        "drop",
        "release",
        "free",
        "discard",
        "dump"
      ]
    },
    {
      "value": "say",
      "synonyms": [
        "say",
        "chant",
        "sing",
        "utter",
        "mumble"
      ]
    },
    {
      "value": "nothing",
      "synonyms": [
        "nothing"
      ]
    },
    {
      "value": "close",
      "synonyms": [
        "close",
        "lock"
      ]
    },
    {
      "value": "on",
      "synonyms": [
        "light",
        "on"
      ]
    },
    {
      "value": "off",
      "synonyms": [
        "off",
        "extinguish"
      ]
    },
    {
      "value": "swing",
      "synonyms": [
        "swing",
        "wave",
        "shake"
      ]
    },
    {
      "value": "tame",
      "synonyms": [
        "tame",
        "calm",
        "placate"
      ]
    },
    {
      "value": "attack",
      "synonyms": [
        "attack",
        "kill",
        "fight",
        "hit",
        "strike",
        "bludgeon",
        "cut",
        "slash"
      ]
    },
    {
      "value": "pour",
      "synonyms": [
        "pour",
        "drain"
      ]
    },
    {
      "value": "eat",
      "synonyms": [
        "eat",
        "devour",
        "swallow",
        "chew"
      ]
    },
    {
      "value": "drink",
      "synonyms": [
        "drink"
      ]
    },
    {
      "value": "rub",
      "synonyms": [
        "rub"
      ]
    },
    {
      "value": "toss",
      "synonyms": [
        "throw",
        "toss"
      ]
    },
    {
      "value": "find",
      "synonyms": [
        "find",
        "where"
      ]
    },
    {
      "value": "feed",
      "synonyms": [
        "feed"
      ]
    },
    {
      "value": "fill",
      "synonyms": [
        "fill"
      ]
    },
    {
      "value": "blast",
      "synonyms": [
        "blast",
        "detonate",
        "ignite",
        "blow up"
      ]
    },
    {
      "value": "read",
      "synonyms": [
        "read",
        "peruse"
      ]
    },
    {
      "value": "smash",
      "synonyms": [
        "break",
        "shatter",
        "smash"
      ]
    },
    {
      "value": "wake",
      "synonyms": [
        "wake",
        "awaken",
        "disturb"
      ]
    },
    {
      "value": "stop",
      "synonyms": [
        "stop",
        "block",
        "impede"
      ]
    },
    {
      "value": "swim",
      "synonyms": [
        "swim"
      ]
    },
    {
      "value": "dig",
      "synonyms": [
        "dig",
        "excavate"
      ]
    }
  ],
  "isEnum": false,
  "automatedExpansion": false
}