{
  "id": "b778a925-940b-44f0-8f34-b9ca538882ae",
  "name": "controlwords",
  "isOverridable": true,
  "entries": [
    {
      "value": "quit",
      "synonyms": [
        "quit"
      ]
    },
    {
      "value": "inventory",
      "synonyms": [
        "inventory"
      ]
    },
    {
      "value": "score",
      "synonyms": [
        "score"
      ]
    },
    {
      "value": "brief",
      "synonyms": [
        "brief"
      ]
    },
    {
      "value": "verbose",
      "synonyms": [
        "verbose"
      ]
    },
    {
      "value": "credits",
      "synonyms": [
        "credits"
      ]
    },
    {
      "value": "help",
      "synonyms": [
        "help"
      ]
    },
    {
      "value": "hint",
      "synonyms": [
        "hint"
      ]
    },
    {
      "value": "save",
      "synonyms": [
        "save",
        "suspend",
        "pause"
      ]
    },
    {
      "value": "information",
      "synonyms": [
        "information",
        "info"
      ]
    },
    {
      "value": "lost",
      "synonyms": [
        "lost"
      ]
    },
    {
      "value": "swear",
      "synonyms": [
        "fuck",
        "shit",
        "hell",
        "damn",
        "swear"
      ]
    }
  ],
  "isEnum": false,
  "automatedExpansion": false
}