{
  "id": "030801ac-ba4a-4b6a-83f0-d6d027e87eed",
  "name": "directions",
  "isOverridable": true,
  "entries": [
    {
      "value": "north",
      "synonyms": [
        "north"
      ]
    },
    {
      "value": "south",
      "synonyms": [
        "south"
      ]
    },
    {
      "value": "east",
      "synonyms": [
        "east"
      ]
    },
    {
      "value": "west",
      "synonyms": [
        "west"
      ]
    },
    {
      "value": "up",
      "synonyms": [
        "up",
        "upstream",
        "upstairs",
        "uphill",
        "upward"
      ]
    },
    {
      "value": "down",
      "synonyms": [
        "down",
        "downstream",
        "downstairs",
        "downhill",
        "downward"
      ]
    },
    {
      "value": "northeast",
      "synonyms": [
        "northeast",
        "ne"
      ]
    },
    {
      "value": "northwest",
      "synonyms": [
        "northwest",
        "nw"
      ]
    },
    {
      "value": "southeast",
      "synonyms": [
        "southeast",
        "se"
      ]
    },
    {
      "value": "southwest",
      "synonyms": [
        "southwest",
        "sw"
      ]
    },
    {
      "value": "in",
      "synonyms": [
        "in",
        "inside"
      ]
    },
    {
      "value": "out",
      "synonyms": [
        "out",
        "outside"
      ]
    },
    {
      "value": "away",
      "synonyms": [
        "away"
      ]
    },
    {
      "value": "forward",
      "synonyms": [
        "forward",
        "ahead",
        "straight"
      ]
    },
    {
      "value": "backward",
      "synonyms": [
        "backward",
        "back"
      ]
    },
    {
      "value": "around",
      "synonyms": [
        "around"
      ]
    },
    {
      "value": "over",
      "synonyms": [
        "over",
        "across"
      ]
    },
    {
      "value": "under",
      "synonyms": [
        "under"
      ]
    }
  ],
  "isEnum": false,
  "automatedExpansion": false
}