{
  "id": "ee0c1d61-510c-40d0-b746-46eba91962a3",
  "name": "items-moveable",
  "isOverridable": true,
  "entries": [
    {
      "value": "keys",
      "synonyms": [
        "key",
        "keys",
        "set of keys"
      ]
    },
    {
      "value": "lantern",
      "synonyms": [
        "lantern",
        "lamp",
        "light",
        "flashlight",
        "torch",
        "headlamp",
        "head lamp"
      ]
    },
    {
      "value": "cage",
      "synonyms": [
        "cage",
        "birdcage",
        "bird cage"
      ]
    },
    {
      "value": "rod",
      "synonyms": [
        "rod"
      ]
    },
    {
      "value": "bird",
      "synonyms": [
        "bird"
      ]
    },
    {
      "value": "pillow",
      "synonyms": [
        "pillow",
        "cushion",
        "velvet"
      ]
    },
    {
      "value": "magazine",
      "synonyms": [
        "spelunker today",
        "magazine",
        "spelunker magazine",
        "spelunker",
        "issue"
      ]
    },
    {
      "value": "food",
      "synonyms": [
        "food",
        "rations"
      ]
    },
    {
      "value": "bottle",
      "synonyms": [
        "bottle",
        "jar"
      ]
    },
    {
      "value": "mirror",
      "synonyms": [
        "mirror"
      ]
    },
    {
      "value": "batteries",
      "synonyms": [
        "batteries",
        "battery"
      ]
    },
    {
      "value": "water",
      "synonyms": [
        "water",
        "bottle of water",
        "H2O"
      ]
    },
    {
      "value": "oil",
      "synonyms": [
        "oil",
        "bottle of oil"
      ]
    },
    {
      "value": "axe",
      "synonyms": [
        "axe",
        "hatchet"
      ]
    },
    {
      "value": "knife",
      "synonyms": [
        "knife",
        "knive",
        "knives"
      ]
    },
    {
      "value": "drawing",
      "synonyms": [
        "drawing",
        "cave drawing",
        "cave drawings"
      ]
    },
    {
      "value": "shards",
      "synonyms": [
        "shards",
        "pottery",
        "pieces"
      ]
    },
    {
      "value": "all",
      "synonyms": [
        "all",
        "everything"
      ]
    }
  ],
  "isEnum": false,
  "automatedExpansion": false
}