{
  "id": "16995356-b91c-42cd-9f4a-df09c91d2e4d",
  "name": "items-fixed",
  "isOverridable": true,
  "entries": [
    {
      "value": "grate",
      "synonyms": [
        "grate"
      ]
    },
    {
      "value": "steps",
      "synonyms": [
        "steps",
        "stairs",
        "staircase"
      ]
    },
    {
      "value": "door",
      "synonyms": [
        "door"
      ]
    },
    {
      "value": "fissure",
      "synonyms": [
        "fissure"
      ]
    },
    {
      "value": "tablet",
      "synonyms": [
        "tablet"
      ]
    },
    {
      "value": "clam",
      "synonyms": [
        "clam"
      ]
    },
    {
      "value": "oyster",
      "synonyms": [
        "oyster"
      ]
    },
    {
      "value": "plant",
      "synonyms": [
        "plant",
        "beanstalk",
        "bean stalk",
        "stalk"
      ]
    },
    {
      "value": "stalactite",
      "synonyms": [
        "stalactite"
      ]
    },
    {
      "value": "drawings",
      "synonyms": [
        "drawings"
      ]
    },
    {
      "value": "chasm",
      "synonyms": [
        "chasm"
      ]
    },
    {
      "value": "message",
      "synonyms": [
        "message",
        "script"
      ]
    },
    {
      "value": "volcano",
      "synonyms": [
        "volcano",
        "geyser"
      ]
    },
    {
      "value": "machine",
      "synonyms": [
        "machine",
        "vending",
        "vending machine"
      ]
    },
    {
      "value": "carpet",
      "synonyms": [
        "carpet",
        "moss"
      ]
    },
    {
      "value": "mirror",
      "synonyms": [
        "mirror"
      ]
    },
    {
      "value": "figure",
      "synonyms": [
        "figure",
        "shadow",
        "shadowy figure"
      ]
    }
  ],
  "isEnum": false,
  "automatedExpansion": false
}