{
  "id": "60e649dd-0506-4e11-9e65-fb2063122f57",
  "name": "locations",
  "isOverridable": true,
  "entries": [
    {
      "value": "road",
      "synonyms": [
        "road",
        "end of road"
      ]
    },
    {
      "value": "hill",
      "synonyms": [
        "hill",
        "hill in road"
      ]
    },
    {
      "value": "house",
      "synonyms": [
        "house",
        "building",
        "inside building",
        "inside house",
        "well house"
      ]
    },
    {
      "value": "valley",
      "synonyms": [
        "valley"
      ]
    },
    {
      "value": "forest",
      "synonyms": [
        "forest"
      ]
    },
    {
      "value": "slit",
      "synonyms": [
        "slit",
        "slit in stream bed",
        "stream bed"
      ]
    },
    {
      "value": "depression",
      "synonyms": [
        "depression",
        "outside grate"
      ]
    },
    {
      "value": "entrance",
      "synonyms": [
        "entrance",
        "below grate"
      ]
    },
    {
      "value": "crawl",
      "synonyms": [
        "crawl",
        "cobble crawl"
      ]
    },
    {
      "value": "debris",
      "synonyms": [
        "debris",
        "debris room"
      ]
    },
    {
      "value": "pipes",
      "synonyms": [
        "sewer pipes",
        "pipes",
        "sewer"
      ]
    },
    {
      "value": "canyon",
      "synonyms": [
        "canyon"
      ]
    },
    {
      "value": "bird",
      "synonyms": [
        "bird",
        "bird room"
      ]
    }
  ],
  "isEnum": false,
  "automatedExpansion": false
}