{
  "id": "516c15c5-3ae9-4036-bb24-92e25705bf05",
  "name": "magicwords",
  "isOverridable": true,
  "entries": [
    {
      "value": "xyzzy",
      "synonyms": [
        "xyzzy",
        "x y z z y"
      ]
    },
    {
      "value": "plugh",
      "synonyms": [
        "plugh",
        "plu gh",
        "plug",
        "p l u g h"
      ]
    },
    {
      "value": "plover",
      "synonyms": [
        "plover"
      ]
    },
    {
      "value": "fee",
      "synonyms": [
        "fee"
      ]
    },
    {
      "value": "fie",
      "synonyms": [
        "fie",
        "fi"
      ]
    },
    {
      "value": "foe",
      "synonyms": [
        "foe"
      ]
    },
    {
      "value": "fum",
      "synonyms": [
        "fum"
      ]
    },
    {
      "value": "foo",
      "synonyms": [
        "foo"
      ]
    },
    {
      "value": "opensesame",
      "synonyms": [
        "open sesame"
      ]
    },
    {
      "value": "abracadabra",
      "synonyms": [
        "abracadabra"
      ]
    },
    {
      "value": "shazam",
      "synonyms": [
        "shazam"
      ]
    },
    {
      "value": "hocuspocus",
      "synonyms": [
        "hocus pocus"
      ]
    }
  ],
  "isEnum": false,
  "automatedExpansion": false
}