{
  "id": "b0446a34-612c-46d0-9687-759739fd9514",
  "name": "mobs",
  "isOverridable": true,
  "entries": [
    {
      "value": "pirate",
      "synonyms": [
        "pirate"
      ]
    },
    {
      "value": "dragon",
      "synonyms": [
        "dragon"
      ]
    },
    {
      "value": "troll",
      "synonyms": [
        "troll"
      ]
    },
    {
      "value": "dwarf",
      "synonyms": [
        "dwarf",
        "dwarve",
        "dwarves"
      ]
    },
    {
      "value": "bear",
      "synonyms": [
        "bear"
      ]
    }
  ],
  "isEnum": false,
  "automatedExpansion": false
}