{
  "id": "e049b1bc-3eb8-48c7-a001-a3bc883f7942",
  "name": "movements",
  "isOverridable": true,
  "entries": [
    {
      "value": "walk",
      "synonyms": [
        "walk",
        "go",
        "head",
        "move",
        "forward",
        "onward",
        "continue",
        "travel",
        "proceed",
        "explore",
        "follow",
        "turn"
      ]
    },
    {
      "value": "run",
      "synonyms": [
        "run",
        "trot"
      ]
    },
    {
      "value": "crawl",
      "synonyms": [
        "crawl",
        "creep",
        "wriggle",
        "slither"
      ]
    },
    {
      "value": "climb",
      "synonyms": [
        "climb",
        "scale",
        "ascend",
        "climb over"
      ]
    },
    {
      "value": "jump",
      "synonyms": [
        "jump",
        "leap",
        "hop",
        "jump over",
        "leap over",
        "hop over",
        "jump across",
        "leap across",
        "hop across"
      ]
    },
    {
      "value": "enter",
      "synonyms": [
        "enter"
      ]
    },
    {
      "value": "leave",
      "synonyms": [
        "exit",
        "leave",
        "flee",
        "retreat",
        "return"
      ]
    },
    {
      "value": "descend",
      "synonyms": [
        "descend"
      ]
    },
    {
      "value": "cross",
      "synonyms": [
        "cross"
      ]
    }
  ],
  "isEnum": false,
  "automatedExpansion": false
}