{
  "id": "30c02dda-e938-40fc-9ecd-dc8071211ebc",
  "name": "treasures",
  "isOverridable": true,
  "entries": [
    {
      "value": "nugget",
      "synonyms": [
        "nugget",
        "gold"
      ]
    },
    {
      "value": "diamonds",
      "synonyms": [
        "diamonds",
        "diamond"
      ]
    },
    {
      "value": "silver",
      "synonyms": [
        "silver",
        "bars"
      ]
    },
    {
      "value": "jewelry",
      "synonyms": [
        "jewelry",
        "jewels",
        "gems"
      ]
    },
    {
      "value": "coins",
      "synonyms": [
        "coins",
        "coin"
      ]
    },
    {
      "value": "chest",
      "synonyms": [
        "chest",
        "treasure",
        "box"
      ]
    },
    {
      "value": "eggs",
      "synonyms": [
        "eggs",
        "nest",
        "egg"
      ]
    },
    {
      "value": "trident",
      "synonyms": [
        "trident"
      ]
    },
    {
      "value": "vase",
      "synonyms": [
        "vase",
        "ming",
        "pot"
      ]
    },
    {
      "value": "emerald",
      "synonyms": [
        "emerald"
      ]
    },
    {
      "value": "pyramid",
      "synonyms": [
        "pyramid",
        "platinum"
      ]
    },
    {
      "value": "pearl",
      "synonyms": [
        "pearl"
      ]
    },
    {
      "value": "rug",
      "synonyms": [
        "rug",
        "persian"
      ]
    },
    {
      "value": "spices",
      "synonyms": [
        "spices",
        "spice"
      ]
    },
    {
      "value": "chain",
      "synonyms": [
        "chain"
      ]
    }
  ],
  "isEnum": false,
  "automatedExpansion": false
}