{
  "id": "9b4231c0-73fd-4425-be80-2f913bbb8c8b",
  "name": "visuals",
  "isOverridable": true,
  "entries": [
    {
      "value": "look",
      "synonyms": [
        "look",
        "look around"
      ]
    },
    {
      "value": "examine",
      "synonyms": [
        "look at",
        "examine",
        "inspect"
      ]
    },
    {
      "value": "peer",
      "synonyms": [
        "peer",
        "look in",
        "look inside"
      ]
    }
  ],
  "isEnum": false,
  "automatedExpansion": false
}